rgn_id,year,trend
1,2016,0.434333566863687
2,2016,0.434333566863687
3,2016,0.434333566863687
4,2016,0.434333566863687
5,2016,0.434333566863687
