rgn_id,resilience.score
1,0.954545454545455
2,0.954545454545455
3,0.954545454545455
4,0.954545454545455
5,0.954545454545455
