rgn_id,value
1,0.359265121452583
2,0.359265121452583
3,0.359265121452583
4,0.359265121452583
5,0.359265121452583
