rgn_id,resilience.score
1,0.888888888889
2,0.888888888889
3,0.888888888889
4,0.888888888889
5,0.888888888889
