rgn_id,habitat,year,trend
1,coral,2012,0.0307504109245894
2,coral,2012,0.0307504109245894
3,coral,2012,0.0307504109245894
4,coral,2012,0.0307504109245894
5,coral,2012,0.0307504109245894
