rgn_id,resilience.score
1,0.352860840163
2,0.352860840163
3,0.352860840163
4,0.352860840163
5,0.352860840163
