rgn_id,year,pressure_score
1,2015,0.462287832212716
2,2015,0.462287832212716
3,2015,0.462287832212716
4,2015,0.462287832212716
5,2015,0.462287832212716
