rgn_id,pressures.score
1,0.205984092169274
2,0.205984092169274
3,0.205984092169274
4,0.205984092169274
5,0.205984092169274
