rgn_id,score
1,0.9368081598526246
2,0.9368081598526246
3,0.9368081598526246
4,0.9368081598526246
5,0.9368081598526246
