rgn_id,score
1,0.9209959264927826
2,0.9209959264927826
3,0.9209959264927826
4,0.9209959264927826
5,0.9209959264927826
