rgn_id,score
1,-0.1408806315184751
2,-0.1408806315184751
3,-0.1408806315184751
4,-0.1408806315184751
5,-0.1408806315184751
